First Name,Last Name,Age,Salary
Mike,Wright,23,6558
William,Barrett,18,3998
Lily,Murray,24,4104
Kelsey,Kelly,27,6916
Jacob,Ross,28,5861
Sienna,Hawkins,23,1540
Eleanor,Evans,22,5442
Spike,Brooks,19,1310
Gianna,Clark,27,2031
Amanda,Morgan,19,1737
Aida,Davis,19,2325
George,Johnson,29,1599
Aida,Murray,26,8547
James,Thomas,28,8596
Alina,Cole,23,2084
Alissa,Crawford,22,8431
Camila,Wright,28,3970
Kellan,Grant,20,3645
Rosie,Cooper,27,9394
Spike,Moore,18,6095
Isabella,Lloyd,24,4432
Wilson,Thompson,27,8904
Max,Perry,30,7925
Alexander,Hall,30,6882
Brad,Harris,30,978
Alberta,Allen,28,1031
Aldus,Ryan,21,7351
Martin,Martin,20,9175
Violet,Ellis,25,9825
Jessica,Foster,27,9895
Lenny,Cole,19,1414
Charlie,Jones,28,9551
Gianna,Higgins,23,755
Audrey,Chapman,21,2458
Samantha,Walker,30,3257
Sarah,Andrews,28,4903
Chloe,Brooks,27,5189
Heather,Owens,22,6564
Wilson,Craig,21,3521
Connie,Andrews,22,2570
Edith,Hawkins,22,1565
Belinda,Sullivan,21,6303
Sydney,Harris,28,4732
Eric,Ferguson,24,4313
Alfred,Russell,23,3247
Jacob,Stevens,23,5965
Aida,Stewart,23,2533
Ryan,Martin,24,8546
Paige,Ellis,21,8212
Arthur,Perkins,18,2437
Robert,Crawford,19,8558
Kelvin,Kelly,26,8159
Amy,Jones,22,647
Aston,Douglas,23,6361
Alfred,Andrews,22,7669
Edward,Ferguson,28,7168
Lucia,Mitchell,29,1532
Adison,Warren,22,7151
Alan,Miller,25,8449
Daisy,Payne,19,9820
Edwin,Cole,19,5172
Paul,Richards,25,5358
Savana,Brooks,27,1299
Daisy,Wright,22,9495
Rubie,Morgan,29,4408
Clark,Brooks,19,9981
Leonardo,Barnes,21,8273
Aston,Myers,28,6214
Victoria,Murray,28,2861
Edgar,Perkins,20,2089
Adelaide,Murray,18,1004
Victoria,Smith,29,8765
Kevin,Richardson,20,2227
Nicole,Wright,25,7300
Fiona,Bailey,18,6879
Derek,Rogers,27,1871
Daniel,Myers,20,2904
Derek,Johnston,26,8756
Lydia,Thompson,22,632
Aiden,Hunt,28,2715
Blake,Armstrong,23,9683
Charlie,Andrews,21,7008
Alberta,Hill,28,833
Emma,Warren,21,6376
Adrian,Hunt,21,5295
Alissa,Hall,28,3225
Edgar,Roberts,25,6721
Julia,Foster,20,7337
Cadie,Hall,28,7404
Vanessa,Nelson,23,8624
Agata,Richards,23,1756
Rafael,Howard,30,5833
Edward,Craig,23,6724
Edgar,Thompson,23,7365
Adison,Douglas,26,2840
Owen,Perry,30,1397
Freddie,Lloyd,20,2275
Henry,Anderson,28,9978
Vanessa,Thomas,20,1126
Emma,Anderson,26,5304
Jordan,Warren,25,4319
Julia,Russell,28,1721
Maya,Adams,18,9519
Brianna,Harrison,29,8989
Sydney,Sullivan,26,3194
Miller,Davis,27,1206
Rebecca,Harris,23,7607
Amber,Armstrong,26,8112
Jenna,Richardson,23,1128
Kate,Harris,24,1187
Clark,Gray,22,5057
Eddy,Turner,20,5491
Tara,Richardson,26,9491
Eleanor,Douglas,24,8941
Henry,Clark,18,1823
Briony,Spencer,23,6039
Henry,Williams,25,2274
Abigail,Alexander,27,6181
Caroline,Kelley,19,5818
Daniel,Parker,24,8217
Aston,Mitchell,28,2782
Spike,Ryan,29,2964
Fenton,Cooper,30,5462
Kevin,Fowler,18,4220
Vanessa,Stevens,25,6053
Alen,Spencer,24,9060
Aida,Foster,18,6493
Alexander,Bennett,23,7441
Tony,Owens,25,9520
Amelia,Alexander,26,6101
Dexter,Morgan,19,626
Joyce,West,20,6484
Eric,Bailey,20,8901
Blake,Roberts,20,3694
Edwin,Hamilton,23,7335
Marcus,Cooper,19,3232
Antony,Barrett,30,833
Ted,Holmes,25,9506
Alisa,Evans,25,6272
Sofia,Clark,22,1885
John,Harris,20,8135
Deanna,Harrison,18,2933
Antony,Moore,23,4995
April,Allen,30,611
Aida,Gray,23,6257
Darcy,Kelley,25,5357
Frederick,Parker,26,7853
Sofia,Parker,19,8285
Vincent,Brown,26,4006
Lucy,Edwards,20,1472
Julia,Riley,19,3390
Henry,Hawkins,23,958
Garry,Gibson,22,9401
Brooke,Cooper,30,9019
Mary,Higgins,25,3690
Kevin,Perry,18,7497
Cadie,Casey,19,1348
Aiden,Johnson,30,5953
Olivia,Davis,25,9805
Samantha,Moore,25,9859
Paige,Farrell,25,2277
Melissa,Cunningham,24,2445
Adrian,Dixon,30,6557
Daniel,Johnston,18,6384
Haris,Stevens,18,2209
Eric,Taylor,27,1404
Daniel,Farrell,24,1561
Honey,Ferguson,19,8324
Brad,Bennett,18,1826
Tess,Richards,27,6134
Kellan,Douglas,24,7746
Brooke,Williams,22,6342
Dale,Grant,29,3560
Amy,Scott,20,4439
Kimberly,Armstrong,21,7859
Maximilian,Allen,23,8927
Alfred,Armstrong,30,9013
Haris,Hall,19,9266
Charlotte,Higgins,24,1602
Darcy,Reed,25,5633
Melissa,Kelly,21,3007
Alan,Reed,26,7912
Luke,Mitchell,22,7900
Ryan,Taylor,25,4530
William,Douglas,29,3577
Arthur,Taylor,18,4243
Michelle,Barnes,19,3795
Elian,Bailey,18,9419
Jordan,Alexander,26,2380
Adele,Phillips,22,9721
Jessica,Warren,30,7655
Daryl,Russell,29,9375
Edwin,Martin,26,9520
Harold,Chapman,29,2237
Alexander,West,18,4291
Aldus,Mitchell,27,3933
Chester,Harris,26,3906
Luke,Cole,19,866
Ted,Murphy,19,7579
Maximilian,Wells,24,1032
